{
  "seizure": 2.0924243927001953,
  "lpd": 1.430464506149292,
  "gpd": 0.6456725001335144,
  "lrda": 0.416645884513855,
  "grda": 0.6557197570800781,
  "other": 0.7590731978416443
}