seizure,lpd,gpd,lrda,grda,other
0.059977,0.087732,0.194366,0.301208,0.191388,0.165329
