eeg_id,patient_id,spectrogram_id,hard,outlier_score
1376378385,18506,501240935,5,0.7882454093214442
27286272,58087,766753710,5,0.7821658638475837
3413600978,31343,1742263961,5,0.7781013895120457
2261591873,18506,579157320,5,0.770952966478115
582215949,31343,1742263961,5,0.7680440176808796
1255709671,31343,1742263961,5,0.7667843698214432
1512426591,13252,637276545,5,0.7664313678018188
1361068046,61561,1669674174,5,0.765505144038746
